{"cameraMode":{"drawMode":0,"name":"Shaded","section":"Shading Mode"},"sceneLighting":false,"audioPlay":false,"sceneViewState":{"m_AlwaysRefresh":false,"showFog":true,"showSkybox":false,"showFlares":true,"showImageEffects":true,"showParticleSystems":true,"showVisualEffectGraphs":true,"m_FxEnabled":true},"in2DMode":false,"pivot":{"x":-1.6072176694869996,"y":-0.0034781955182552339,"z":5.72476053237915},"rotation":{"x":-0.4804534316062927,"y":-0.15216046571731568,"z":0.08504760265350342,"w":-0.8595437407493591},"size":1.0975134372711182,"orthographic":false}